﻿{
  "mongodbConnStr_testnet": "mongodb://127.0.0.1:27017",
  "mongodbDatabase_testnet": "testnet",
  "neoCliJsonRPCUrl_testnet": "http://13.229.79.223:10332",

  "mongodbConnStr_mainnet": "mongodb://127.0.0.1:27017",
  "mongodbDatabase_mainnet": "mainnet",
  "neoCliJsonRPCUrl_mainnet": "",

  "mongodbConnStr_privatenet": "mongodb://127.0.0.1:27017",
  "mongodbDatabase_privatenet": "privatenet",
  "neoCliJsonRPCUrl_privatenet": "http://13.229.79.223:10332",

  "mongodbConnStr_NeonOnline": "mongodb://127.0.0.1:27017",
  "mongodbDatabase_NeonOnline": "neononline"
}